{
    "msg": "操作成功",
    "status": 0,
    "dataMap": {
        "today": "2019-02-10",
        "selectStudent": false,
        "jointResult": {
            "switchTrafficDetail": false,
            "transLineList": [{
                "index": 0,
                "allPrice": "135",
                "allTimeDesc": "8时54分起",
                "transNodeList": [{
                    "isLong": 0,
                    "ticketInfos": [],
                    "seats": [],
                    "arr": "合肥南",
                    "date": "2019-02-10",
                    "trainNo": "G269",
                    "tripType": 0,
                    "trainType": "高速动车",
                    "dayAfter": "",
                    "dptTime": "19:15",
                    "intervalTimeDesc": "4时24分",
                    "dpt": "北京南",
                    "arrTime": "23:39"
                }, {
                    "isLong": 0,
                    "ticketInfos": [],
                    "seats": [],
                    "arr": "南京南",
                    "date": "2019-02-11",
                    "trainNo": "G9398",
                    "tripType": 0,
                    "trainType": "高速动车",
                    "dayAfter": "",
                    "dptTime": "03:17",
                    "intervalTimeDesc": "52分",
                    "dpt": "合肥南",
                    "arrTime": "04:09"
                }],
                "stayTimeDesc": "3时38分",
                "dayAfterTotal": "+1",
                "solutionType": 0,
                "stayTimeMax": "218",
                "transCity": ["合肥"],
                "transStationDesc": "合肥南",
                "trainLocationInfoList": [],
                "transStation": true
            }],
            "waitMills": 0,
            "arr": "南京",
            "status": 1,
            "dpt": "北京"
        },
        "showOta": false,
        "msg": "成功",
        "directTrainInfo": {
            "trains": [{
                "endStationCode": "AOH",
                "remainTicketCount": 0,
                "dTimeStr": "201902101736",
                "sort": 4,
                "time": "4时29分",
                "isPreOrder": false,
                "extra": "{}",
                "trainShowDescColor": -14964294,
                "dStation": "北京南",
                "date": "2019-02-10",
                "remainTicket": "0张",
                "priceMsg": "¥443.5",
                "dptStationCode": "VNP",
                "trainType": "高速动车",
                "timeInMinute": 269,
                "dStationInfo": true,
                "trainStatus": 4,
                "dTime": "17:36",
                "startStationCode": "VNP",
                "isSupportCandidate": false,
                "dCity": "北京",
                "aStationInfo": false,
                "tagCode": -1,
                "trainShowDesc": "可抢票",
                "robSuccRate": "",
                "distance": "1345",
                "action": {
                    "menuBackColor": -16728876,
                    "menuColor": -1,
                    "clickable": false,
                    "touchUrl": "http://touch.qunar.com/h5/train/flagship/TrainOrderFillRob?startStation=%E5%8C%97%E4%BA%AC%E5%8D%97&endStation=%E5%8D%97%E4%BA%AC%E5%8D%97&trainNum=G157&date=2019-02-10&closeUrl=&source=mtrain_rob&bd_source=&seatType=%E4%BA%8C%E7%AD%89%E5%BA%A7",
                    "menu": "抢票",
                    "topDesc": "0张",
                    "topDescBackColor": 0,
                    "topDescColor": -52480,
                    "id": 2
                },
                "trainStatusDes": "已售空",
                "appointment": false,
                "ticketInfos": [{
                    "type": "二等座",
                    "paperAccept": 0,
                    "defaultSeatCheckStatus": 0,
                    "typeColor": -1,
                    "wxSaleStatus": 0,
                    "isUncheckable": 0,
                    "ticketId": "4",
                    "price": "443.5",
                    "countColor": -1,
                    "studentPrice": "333",
                    "tagColor": -1,
                    "count": 0
                }, {
                    "type": "一等座",
                    "paperAccept": 0,
                    "defaultSeatCheckStatus": 0,
                    "typeColor": -1,
                    "wxSaleStatus": 0,
                    "isUncheckable": 0,
                    "ticketId": "3",
                    "price": "748.5",
                    "countColor": -1,
                    "studentPrice": "748.5",
                    "tagColor": -1,
                    "count": 0
                }, {
                    "type": "商务座",
                    "paperAccept": 0,
                    "defaultSeatCheckStatus": 0,
                    "typeColor": -1,
                    "wxSaleStatus": 0,
                    "isUncheckable": 0,
                    "ticketId": "13",
                    "price": "1403.5",
                    "countColor": -1,
                    "studentPrice": "1403.5",
                    "tagColor": -1,
                    "count": 0
                }],
                "isSupportCard": true,
                "remainTicketColor": -39424,
                "aStation": "南京南",
                "tagStyleType": 0,
                "noTicketSceneOptimise": false,
                "aCity": "南京",
                "aTimeStr": "201902102205",
                "remainTicketType": 0,
                "aTime": "22:05",
                "dayAfter": "",
                "tagColor": -1,
                "trainNumber": "G157",
                "arrStationCode": "NKH",
                "sortGroup": 0,
                "remainTicketBackgroundColor": 0
            }, {
                "endStationCode": "AOH",
                "remainTicketCount": 0,
                "dTimeStr": "201902101746",
                "sort": 6,
                "time": "4时52分",
                "isPreOrder": false,
                "extra": "{}",
                "trainShowDescColor": -14964294,
                "dStation": "北京南",
                "date": "2019-02-10",
                "remainTicket": "0张",
                "priceMsg": "¥443.5",
                "dptStationCode": "VNP",
                "trainType": "高速动车",
                "timeInMinute": 292,
                "dStationInfo": true,
                "trainStatus": 4,
                "dTime": "17:46",
                "startStationCode": "VNP",
                "isSupportCandidate": false,
                "dCity": "北京",
                "aStationInfo": false,
                "tagCode": -1,
                "trainShowDesc": "可抢票",
                "robSuccRate": "",
                "distance": "1460",
                "action": {
                    "menuBackColor": -16728876,
                    "menuColor": -1,
                    "clickable": false,
                    "touchUrl": "http://touch.qunar.com/h5/train/flagship/TrainOrderFillRob?startStation=%E5%8C%97%E4%BA%AC%E5%8D%97&endStation=%E5%8D%97%E4%BA%AC%E5%8D%97&trainNum=G159&date=2019-02-10&closeUrl=&source=mtrain_rob&bd_source=&seatType=%E4%BA%8C%E7%AD%89%E5%BA%A7",
                    "menu": "抢票",
                    "topDesc": "0张",
                    "topDescBackColor": 0,
                    "topDescColor": -52480,
                    "id": 2
                },
                "trainStatusDes": "已售空",
                "appointment": false,
                "ticketInfos": [{
                    "type": "二等座",
                    "paperAccept": 0,
                    "defaultSeatCheckStatus": 0,
                    "typeColor": -1,
                    "wxSaleStatus": 0,
                    "isUncheckable": 0,
                    "ticketId": "4",
                    "price": "443.5",
                    "countColor": -1,
                    "studentPrice": "333",
                    "tagColor": -1,
                    "count": 0
                }, {
                    "type": "一等座",
                    "paperAccept": 0,
                    "defaultSeatCheckStatus": 0,
                    "typeColor": -1,
                    "wxSaleStatus": 0,
                    "isUncheckable": 0,
                    "ticketId": "3",
                    "price": "748.5",
                    "countColor": -1,
                    "studentPrice": "748.5",
                    "tagColor": -1,
                    "count": 0
                }, {
                    "type": "商务座",
                    "paperAccept": 0,
                    "defaultSeatCheckStatus": 0,
                    "typeColor": -1,
                    "wxSaleStatus": 0,
                    "isUncheckable": 0,
                    "ticketId": "13",
                    "price": "1403.5",
                    "countColor": -1,
                    "studentPrice": "1403.5",
                    "tagColor": -1,
                    "count": 0
                }],
                "isSupportCard": true,
                "remainTicketColor": -39424,
                "aStation": "南京南",
                "tagStyleType": 0,
                "noTicketSceneOptimise": false,
                "aCity": "南京",
                "aTimeStr": "201902102238",
                "remainTicketType": 0,
                "aTime": "22:38",
                "dayAfter": "",
                "tagColor": -1,
                "trainNumber": "G159",
                "arrStationCode": "NKH",
                "sortGroup": 0,
                "remainTicketBackgroundColor": 0
            }, {
                "endStationCode": "NKH",
                "remainTicketCount": 0,
                "dTimeStr": "201902101835",
                "sort": 5,
                "time": "4时35分",
                "isPreOrder": false,
                "extra": "{}",
                "trainShowDescColor": -14964294,
                "dStation": "北京南",
                "date": "2019-02-10",
                "remainTicket": "0张",
                "priceMsg": "¥443.5",
                "dptStationCode": "VNP",
                "trainType": "高速动车",
                "timeInMinute": 275,
                "dStationInfo": true,
                "trainStatus": 4,
                "dTime": "18:35",
                "startStationCode": "VNP",
                "isSupportCandidate": false,
                "dCity": "北京",
                "aStationInfo": true,
                "tagCode": -1,
                "trainShowDesc": "可抢票",
                "robSuccRate": "",
                "distance": "1375",
                "action": {
                    "menuBackColor": -16728876,
                    "menuColor": -1,
                    "clickable": false,
                    "touchUrl": "http://touch.qunar.com/h5/train/flagship/TrainOrderFillRob?startStation=%E5%8C%97%E4%BA%AC%E5%8D%97&endStation=%E5%8D%97%E4%BA%AC%E5%8D%97&trainNum=G203&date=2019-02-10&closeUrl=&source=mtrain_rob&bd_source=&seatType=%E4%BA%8C%E7%AD%89%E5%BA%A7",
                    "menu": "抢票",
                    "topDesc": "0张",
                    "topDescBackColor": 0,
                    "topDescColor": -52480,
                    "id": 2
                },
                "trainStatusDes": "已售空",
                "appointment": false,
                "ticketInfos": [{
                    "type": "二等座",
                    "paperAccept": 0,
                    "defaultSeatCheckStatus": 0,
                    "typeColor": -1,
                    "wxSaleStatus": 0,
                    "isUncheckable": 0,
                    "ticketId": "4",
                    "price": "443.5",
                    "countColor": -1,
                    "studentPrice": "333",
                    "tagColor": -1,
                    "count": 0
                }, {
                    "type": "一等座",
                    "paperAccept": 0,
                    "defaultSeatCheckStatus": 0,
                    "typeColor": -1,
                    "wxSaleStatus": 0,
                    "isUncheckable": 0,
                    "ticketId": "3",
                    "price": "748.5",
                    "countColor": -1,
                    "studentPrice": "748.5",
                    "tagColor": -1,
                    "count": 0
                }, {
                    "type": "商务座",
                    "paperAccept": 0,
                    "defaultSeatCheckStatus": 0,
                    "typeColor": -1,
                    "wxSaleStatus": 0,
                    "isUncheckable": 0,
                    "ticketId": "13",
                    "price": "1403.5",
                    "countColor": -1,
                    "studentPrice": "1403.5",
                    "tagColor": -1,
                    "count": 0
                }],
                "isSupportCard": true,
                "remainTicketColor": -39424,
                "aStation": "南京南",
                "tagStyleType": 0,
                "noTicketSceneOptimise": false,
                "aCity": "南京",
                "aTimeStr": "201902102310",
                "remainTicketType": 0,
                "aTime": "23:10",
                "dayAfter": "",
                "tagColor": -1,
                "trainNumber": "G203",
                "arrStationCode": "NKH",
                "sortGroup": 0,
                "remainTicketBackgroundColor": 0
            }, {
                "endStationCode": "HZH",
                "remainTicketCount": 0,
                "dTimeStr": "201902101858",
                "sort": 11,
                "time": "10时26分",
                "isPreOrder": false,
                "extra": "{}",
                "trainShowDescColor": -14964294,
                "dStation": "北京",
                "date": "2019-02-10",
                "remainTicket": "0张",
                "priceMsg": "¥148.5",
                "dptStationCode": "BJP",
                "trainType": "直达特快",
                "timeInMinute": 626,
                "dStationInfo": false,
                "trainStatus": 4,
                "dTime": "18:58",
                "startStationCode": "BTC",
                "isSupportCandidate": false,
                "dCity": "北京",
                "aStationInfo": false,
                "tagCode": -1,
                "trainShowDesc": "可抢票",
                "robSuccRate": "",
                "distance": "1669",
                "action": {
                    "menuBackColor": -16728876,
                    "menuColor": -1,
                    "clickable": false,
                    "touchUrl": "http://touch.qunar.com/h5/train/flagship/TrainOrderFillRob?startStation=%E5%8C%97%E4%BA%AC&endStation=%E5%8D%97%E4%BA%AC&trainNum=Z281&date=2019-02-10&closeUrl=&source=mtrain_rob&bd_source=&seatType=%E7%A1%AC%E5%BA%A7",
                    "menu": "抢票",
                    "topDesc": "0张",
                    "topDescBackColor": 0,
                    "topDescColor": -52480,
                    "id": 2
                },
                "trainStatusDes": "已售空",
                "appointment": false,
                "ticketInfos": [{
                    "type": "硬座",
                    "paperAccept": 0,
                    "defaultSeatCheckStatus": 0,
                    "typeColor": -1,
                    "wxSaleStatus": 0,
                    "isUncheckable": 0,
                    "ticketId": "1",
                    "price": "148.5",
                    "countColor": -1,
                    "studentPrice": "75",
                    "tagColor": -1,
                    "count": 0
                }, {
                    "type": "硬卧",
                    "paperAccept": 0,
                    "defaultSeatCheckStatus": 0,
                    "typeColor": -1,
                    "wxSaleStatus": 0,
                    "isUncheckable": 0,
                    "ticketId": "5",
                    "price": "272.5",
                    "countColor": -1,
                    "studentPrice": "199",
                    "tagColor": -1,
                    "count": 0
                }, {
                    "type": "软卧",
                    "paperAccept": 0,
                    "defaultSeatCheckStatus": 0,
                    "typeColor": -1,
                    "wxSaleStatus": 0,
                    "isUncheckable": 0,
                    "ticketId": "8",
                    "price": "415.5",
                    "countColor": -1,
                    "studentPrice": "415.5",
                    "tagColor": -1,
                    "count": 0
                }, {
                    "type": "无座",
                    "paperAccept": 0,
                    "defaultSeatCheckStatus": 0,
                    "typeColor": -1,
                    "wxSaleStatus": 0,
                    "isUncheckable": 0,
                    "ticketId": "0",
                    "price": "148.5",
                    "countColor": -1,
                    "studentPrice": "75",
                    "tagColor": -1,
                    "count": 0
                }],
                "isSupportCard": false,
                "remainTicketColor": -39424,
                "aStation": "南京",
                "tagStyleType": 0,
                "noTicketSceneOptimise": false,
                "aCity": "南京",
                "aTimeStr": "201902110524",
                "remainTicketType": 0,
                "aTime": "05:24",
                "dayAfter": "+1",
                "tagColor": -1,
                "trainNumber": "Z281",
                "arrStationCode": "NJH",
                "sortGroup": 0,
                "remainTicketBackgroundColor": 0
            }, {
                "endStationCode": "AOH",
                "remainTicketCount": 0,
                "dTimeStr": "201902101900",
                "sort": 0,
                "time": "3时13分",
                "isPreOrder": false,
                "extra": "{}",
                "trainShowDescColor": -14964294,
                "dStation": "北京南",
                "date": "2019-02-10",
                "remainTicket": "0张",
                "priceMsg": "¥443.5",
                "dptStationCode": "VNP",
                "trainType": "高速动车",
                "timeInMinute": 193,
                "dStationInfo": true,
                "trainStatus": 4,
                "dTime": "19:00",
                "startStationCode": "VNP",
                "isSupportCandidate": false,
                "dCity": "北京",
                "aStationInfo": false,
                "tagCode": -1,
                "trainShowDesc": "可抢票",
                "robSuccRate": "",
                "distance": "965",
                "action": {
                    "menuBackColor": -16728876,
                    "menuColor": -1,
                    "clickable": false,
                    "touchUrl": "http://touch.qunar.com/h5/train/flagship/TrainOrderFillRob?startStation=%E5%8C%97%E4%BA%AC%E5%8D%97&endStation=%E5%8D%97%E4%BA%AC%E5%8D%97&trainNum=G17&date=2019-02-10&closeUrl=&source=mtrain_rob&bd_source=&seatType=%E4%BA%8C%E7%AD%89%E5%BA%A7",
                    "menu": "抢票",
                    "topDesc": "0张",
                    "topDescBackColor": 0,
                    "topDescColor": -52480,
                    "id": 2
                },
                "trainStatusDes": "已售空",
                "appointment": false,
                "ticketInfos": [{
                    "type": "二等座",
                    "paperAccept": 0,
                    "defaultSeatCheckStatus": 0,
                    "typeColor": -1,
                    "wxSaleStatus": 0,
                    "isUncheckable": 0,
                    "ticketId": "4",
                    "price": "443.5",
                    "countColor": -1,
                    "studentPrice": "333",
                    "tagColor": -1,
                    "count": 0
                }, {
                    "type": "一等座",
                    "paperAccept": 0,
                    "defaultSeatCheckStatus": 0,
                    "typeColor": -1,
                    "wxSaleStatus": 0,
                    "isUncheckable": 0,
                    "ticketId": "3",
                    "price": "748.5",
                    "countColor": -1,
                    "studentPrice": "748.5",
                    "tagColor": -1,
                    "count": 0
                }, {
                    "type": "商务座",
                    "paperAccept": 0,
                    "defaultSeatCheckStatus": 0,
                    "typeColor": -1,
                    "wxSaleStatus": 0,
                    "isUncheckable": 0,
                    "ticketId": "13",
                    "price": "1403.5",
                    "countColor": -1,
                    "studentPrice": "1403.5",
                    "tagColor": -1,
                    "count": 0
                }],
                "isSupportCard": true,
                "remainTicketColor": -39424,
                "aStation": "南京南",
                "tagStyleType": 0,
                "noTicketSceneOptimise": false,
                "aCity": "南京",
                "aTimeStr": "201902102213",
                "remainTicketType": 0,
                "aTime": "22:13",
                "dayAfter": "",
                "tagColor": -1,
                "trainNumber": "G17",
                "arrStationCode": "NKH",
                "sortGroup": 0,
                "remainTicketBackgroundColor": 0
            }, {
                "endStationCode": "HGH",
                "remainTicketCount": 0,
                "dTimeStr": "201902101904",
                "sort": 1,
                "time": "3时13分",
                "isPreOrder": false,
                "extra": "{}",
                "trainShowDescColor": -14964294,
                "dStation": "北京南",
                "date": "2019-02-10",
                "remainTicket": "0张",
                "priceMsg": "¥443.5",
                "dptStationCode": "VNP",
                "trainType": "高速动车",
                "timeInMinute": 193,
                "dStationInfo": true,
                "trainStatus": 4,
                "dTime": "19:04",
                "startStationCode": "VNP",
                "isSupportCandidate": false,
                "dCity": "北京",
                "aStationInfo": false,
                "tagCode": -1,
                "trainShowDesc": "可抢票",
                "robSuccRate": "",
                "distance": "965",
                "action": {
                    "menuBackColor": -16728876,
                    "menuColor": -1,
                    "clickable": false,
                    "touchUrl": "http://touch.qunar.com/h5/train/flagship/TrainOrderFillRob?startStation=%E5%8C%97%E4%BA%AC%E5%8D%97&endStation=%E5%8D%97%E4%BA%AC%E5%8D%97&trainNum=G39&date=2019-02-10&closeUrl=&source=mtrain_rob&bd_source=&seatType=%E4%BA%8C%E7%AD%89%E5%BA%A7",
                    "menu": "抢票",
                    "topDesc": "0张",
                    "topDescBackColor": 0,
                    "topDescColor": -52480,
                    "id": 2
                },
                "trainStatusDes": "已售空",
                "appointment": false,
                "ticketInfos": [{
                    "type": "二等座",
                    "paperAccept": 0,
                    "defaultSeatCheckStatus": 0,
                    "typeColor": -1,
                    "wxSaleStatus": 0,
                    "isUncheckable": 0,
                    "ticketId": "4",
                    "price": "443.5",
                    "countColor": -1,
                    "studentPrice": "333",
                    "tagColor": -1,
                    "count": 0
                }, {
                    "type": "一等座",
                    "paperAccept": 0,
                    "defaultSeatCheckStatus": 0,
                    "typeColor": -1,
                    "wxSaleStatus": 0,
                    "isUncheckable": 0,
                    "ticketId": "3",
                    "price": "748.5",
                    "countColor": -1,
                    "studentPrice": "748.5",
                    "tagColor": -1,
                    "count": 0
                }, {
                    "type": "商务座",
                    "paperAccept": 0,
                    "defaultSeatCheckStatus": 0,
                    "typeColor": -1,
                    "wxSaleStatus": 0,
                    "isUncheckable": 0,
                    "ticketId": "13",
                    "price": "1403.5",
                    "countColor": -1,
                    "studentPrice": "1403.5",
                    "tagColor": -1,
                    "count": 0
                }],
                "isSupportCard": true,
                "remainTicketColor": -39424,
                "aStation": "南京南",
                "tagStyleType": 0,
                "noTicketSceneOptimise": false,
                "aCity": "南京",
                "aTimeStr": "201902102217",
                "remainTicketType": 0,
                "aTime": "22:17",
                "dayAfter": "",
                "tagColor": -1,
                "trainNumber": "G39",
                "arrStationCode": "NKH",
                "sortGroup": 0,
                "remainTicketBackgroundColor": 0
            }, {
                "endStationCode": "SHH",
                "remainTicketCount": 0,
                "dTimeStr": "201902101908",
                "sort": 2,
                "time": "3时23分",
                "isPreOrder": false,
                "extra": "{}",
                "trainShowDescColor": -14964294,
                "dStation": "北京南",
                "date": "2019-02-10",
                "remainTicket": "0张",
                "priceMsg": "¥443.5",
                "dptStationCode": "VNP",
                "trainType": "高速动车",
                "timeInMinute": 203,
                "dStationInfo": true,
                "trainStatus": 4,
                "dTime": "19:08",
                "startStationCode": "VNP",
                "isSupportCandidate": false,
                "dCity": "北京",
                "aStationInfo": false,
                "tagCode": -1,
                "trainShowDesc": "可抢票",
                "robSuccRate": "",
                "distance": "1015",
                "action": {
                    "menuBackColor": -16728876,
                    "menuColor": -1,
                    "clickable": false,
                    "touchUrl": "http://touch.qunar.com/h5/train/flagship/TrainOrderFillRob?startStation=%E5%8C%97%E4%BA%AC%E5%8D%97&endStation=%E5%8D%97%E4%BA%AC%E5%8D%97&trainNum=G21&date=2019-02-10&closeUrl=&source=mtrain_rob&bd_source=&seatType=%E4%BA%8C%E7%AD%89%E5%BA%A7",
                    "menu": "抢票",
                    "topDesc": "0张",
                    "topDescBackColor": 0,
                    "topDescColor": -52480,
                    "id": 2
                },
                "trainStatusDes": "已售空",
                "appointment": false,
                "ticketInfos": [{
                    "type": "二等座",
                    "paperAccept": 0,
                    "defaultSeatCheckStatus": 0,
                    "typeColor": -1,
                    "wxSaleStatus": 0,
                    "isUncheckable": 0,
                    "ticketId": "4",
                    "price": "443.5",
                    "countColor": -1,
                    "studentPrice": "333",
                    "tagColor": -1,
                    "count": 0
                }, {
                    "type": "一等座",
                    "paperAccept": 0,
                    "defaultSeatCheckStatus": 0,
                    "typeColor": -1,
                    "wxSaleStatus": 0,
                    "isUncheckable": 0,
                    "ticketId": "3",
                    "price": "748.5",
                    "countColor": -1,
                    "studentPrice": "748.5",
                    "tagColor": -1,
                    "count": 0
                }, {
                    "type": "商务座",
                    "paperAccept": 0,
                    "defaultSeatCheckStatus": 0,
                    "typeColor": -1,
                    "wxSaleStatus": 0,
                    "isUncheckable": 0,
                    "ticketId": "13",
                    "price": "1403.5",
                    "countColor": -1,
                    "studentPrice": "1403.5",
                    "tagColor": -1,
                    "count": 0
                }],
                "isSupportCard": true,
                "remainTicketColor": -39424,
                "aStation": "南京南",
                "tagStyleType": 0,
                "noTicketSceneOptimise": false,
                "aCity": "南京",
                "aTimeStr": "201902102231",
                "remainTicketType": 0,
                "aTime": "22:31",
                "dayAfter": "",
                "tagColor": -1,
                "trainNumber": "G21",
                "arrStationCode": "NKH",
                "sortGroup": 0,
                "remainTicketBackgroundColor": 0
            }, {
                "endStationCode": "HZH",
                "remainTicketCount": 0,
                "dTimeStr": "201902101916",
                "sort": 9,
                "time": "9时29分",
                "isPreOrder": false,
                "extra": "{}",
                "trainShowDescColor": -14964294,
                "dStation": "北京",
                "date": "2019-02-10",
                "remainTicket": "0张",
                "priceMsg": "¥233",
                "dptStationCode": "BJP",
                "trainType": "动车组",
                "timeInMinute": 569,
                "dStationInfo": true,
                "trainStatus": 4,
                "dTime": "19:16",
                "startStationCode": "BJP",
                "isSupportCandidate": false,
                "dCity": "北京",
                "aStationInfo": false,
                "tagCode": -1,
                "trainShowDesc": "可抢票",
                "robSuccRate": "",
                "distance": "2086",
                "action": {
                    "menuBackColor": -16728876,
                    "menuColor": -1,
                    "clickable": false,
                    "touchUrl": "http://touch.qunar.com/h5/train/flagship/TrainOrderFillRob?startStation=%E5%8C%97%E4%BA%AC&endStation=%E5%8D%97%E4%BA%AC&trainNum=D717&date=2019-02-10&closeUrl=&source=mtrain_rob&bd_source=&seatType=%E4%BA%8C%E7%AD%89%E5%BA%A7",
                    "menu": "抢票",
                    "topDesc": "0张",
                    "topDescBackColor": 0,
                    "topDescColor": -52480,
                    "id": 2
                },
                "trainStatusDes": "已售空",
                "appointment": false,
                "ticketInfos": [{
                    "type": "二等座",
                    "paperAccept": 0,
                    "defaultSeatCheckStatus": 0,
                    "typeColor": -1,
                    "wxSaleStatus": 0,
                    "isUncheckable": 0,
                    "ticketId": "4",
                    "price": "233",
                    "countColor": -1,
                    "studentPrice": "175",
                    "tagColor": -1,
                    "count": 0
                }, {
                    "type": "二等卧",
                    "paperAccept": 0,
                    "defaultSeatCheckStatus": 0,
                    "typeColor": -1,
                    "wxSaleStatus": 0,
                    "isUncheckable": 0,
                    "ticketId": "38",
                    "price": "408",
                    "countColor": -1,
                    "studentPrice": "408",
                    "tagColor": -1,
                    "count": 0
                }, {
                    "type": "一等卧",
                    "paperAccept": 0,
                    "defaultSeatCheckStatus": 0,
                    "typeColor": -1,
                    "wxSaleStatus": 0,
                    "isUncheckable": 0,
                    "ticketId": "36",
                    "price": "540",
                    "countColor": -1,
                    "studentPrice": "540",
                    "tagColor": -1,
                    "count": 0
                }, {
                    "type": "无座",
                    "paperAccept": 0,
                    "defaultSeatCheckStatus": 0,
                    "typeColor": -1,
                    "wxSaleStatus": 0,
                    "isUncheckable": 0,
                    "ticketId": "0",
                    "price": "233",
                    "countColor": -1,
                    "studentPrice": "233",
                    "tagColor": -1,
                    "count": 0
                }],
                "isSupportCard": false,
                "remainTicketColor": -39424,
                "aStation": "南京",
                "tagStyleType": 0,
                "noTicketSceneOptimise": false,
                "aCity": "南京",
                "aTimeStr": "201902110445",
                "remainTicketType": 0,
                "aTime": "04:45",
                "dayAfter": "+1",
                "tagColor": -1,
                "trainNumber": "D717",
                "arrStationCode": "NJH",
                "sortGroup": 0,
                "remainTicketBackgroundColor": 0
            }, {
                "endStationCode": "AOH",
                "remainTicketCount": 0,
                "dTimeStr": "201902101936",
                "sort": 7,
                "time": "9时21分",
                "isPreOrder": false,
                "extra": "{}",
                "trainShowDescColor": -14964294,
                "dStation": "北京南",
                "date": "2019-02-10",
                "remainTicket": "0张",
                "priceMsg": "¥231",
                "dptStationCode": "VNP",
                "trainType": "动车组",
                "timeInMinute": 561,
                "dStationInfo": true,
                "trainStatus": 4,
                "dTime": "19:36",
                "startStationCode": "VNP",
                "isSupportCandidate": false,
                "dCity": "北京",
                "aStationInfo": false,
                "tagCode": -1,
                "trainShowDesc": "可抢票",
                "robSuccRate": "",
                "distance": "2057",
                "action": {
                    "menuBackColor": -16728876,
                    "menuColor": -1,
                    "clickable": false,
                    "touchUrl": "http://touch.qunar.com/h5/train/flagship/TrainOrderFillRob?startStation=%E5%8C%97%E4%BA%AC%E5%8D%97&endStation=%E5%8D%97%E4%BA%AC&trainNum=D707&date=2019-02-10&closeUrl=&source=mtrain_rob&bd_source=&seatType=%E4%BA%8C%E7%AD%89%E5%BA%A7",
                    "menu": "抢票",
                    "topDesc": "0张",
                    "topDescBackColor": 0,
                    "topDescColor": -52480,
                    "id": 2
                },
                "trainStatusDes": "已售空",
                "appointment": false,
                "ticketInfos": [{
                    "type": "二等座",
                    "paperAccept": 0,
                    "defaultSeatCheckStatus": 0,
                    "typeColor": -1,
                    "wxSaleStatus": 0,
                    "isUncheckable": 0,
                    "ticketId": "4",
                    "price": "231",
                    "countColor": -1,
                    "studentPrice": "174",
                    "tagColor": -1,
                    "count": 0
                }, {
                    "type": "二等卧",
                    "paperAccept": 0,
                    "defaultSeatCheckStatus": 0,
                    "typeColor": -1,
                    "wxSaleStatus": 0,
                    "isUncheckable": 0,
                    "ticketId": "38",
                    "price": "405",
                    "countColor": -1,
                    "studentPrice": "405",
                    "tagColor": -1,
                    "count": 0
                }, {
                    "type": "一等卧",
                    "paperAccept": 0,
                    "defaultSeatCheckStatus": 0,
                    "typeColor": -1,
                    "wxSaleStatus": 0,
                    "isUncheckable": 0,
                    "ticketId": "36",
                    "price": "536",
                    "countColor": -1,
                    "studentPrice": "536",
                    "tagColor": -1,
                    "count": 0
                }, {
                    "type": "无座",
                    "paperAccept": 0,
                    "defaultSeatCheckStatus": 0,
                    "typeColor": -1,
                    "wxSaleStatus": 0,
                    "isUncheckable": 0,
                    "ticketId": "0",
                    "price": "231",
                    "countColor": -1,
                    "studentPrice": "231",
                    "tagColor": -1,
                    "count": 0
                }],
                "isSupportCard": true,
                "remainTicketColor": -39424,
                "aStation": "南京",
                "tagStyleType": 0,
                "noTicketSceneOptimise": false,
                "aCity": "南京",
                "aTimeStr": "201902110457",
                "remainTicketType": 0,
                "aTime": "04:57",
                "dayAfter": "+1",
                "tagColor": -1,
                "trainNumber": "D707",
                "arrStationCode": "NJH",
                "sortGroup": 0,
                "remainTicketBackgroundColor": 0
            }, {
                "endStationCode": "SHH",
                "remainTicketCount": 0,
                "dTimeStr": "201902102005",
                "sort": 12,
                "time": "11时38分",
                "isPreOrder": false,
                "extra": "{}",
                "trainShowDescColor": -14964294,
                "dStation": "北京",
                "date": "2019-02-10",
                "remainTicket": "0张",
                "priceMsg": "¥148.5",
                "dptStationCode": "BJP",
                "trainType": "空调特快",
                "timeInMinute": 698,
                "dStationInfo": true,
                "trainStatus": 4,
                "dTime": "20:05",
                "startStationCode": "BJP",
                "isSupportCandidate": false,
                "dCity": "北京",
                "aStationInfo": false,
                "tagCode": -1,
                "trainShowDesc": "可抢票",
                "robSuccRate": "",
                "distance": "1629",
                "action": {
                    "menuBackColor": -16728876,
                    "menuColor": -1,
                    "clickable": false,
                    "touchUrl": "http://touch.qunar.com/h5/train/flagship/TrainOrderFillRob?startStation=%E5%8C%97%E4%BA%AC&endStation=%E5%8D%97%E4%BA%AC&trainNum=T109&date=2019-02-10&closeUrl=&source=mtrain_rob&bd_source=&seatType=%E7%A1%AC%E5%BA%A7",
                    "menu": "抢票",
                    "topDesc": "0张",
                    "topDescBackColor": 0,
                    "topDescColor": -52480,
                    "id": 2
                },
                "trainStatusDes": "已售空",
                "appointment": false,
                "ticketInfos": [{
                    "type": "硬座",
                    "paperAccept": 0,
                    "defaultSeatCheckStatus": 0,
                    "typeColor": -1,
                    "wxSaleStatus": 0,
                    "isUncheckable": 0,
                    "ticketId": "1",
                    "price": "148.5",
                    "countColor": -1,
                    "studentPrice": "75",
                    "tagColor": -1,
                    "count": 0
                }, {
                    "type": "硬卧",
                    "paperAccept": 0,
                    "defaultSeatCheckStatus": 0,
                    "typeColor": -1,
                    "wxSaleStatus": 0,
                    "isUncheckable": 0,
                    "ticketId": "5",
                    "price": "272.5",
                    "countColor": -1,
                    "studentPrice": "199",
                    "tagColor": -1,
                    "count": 0
                }, {
                    "type": "软卧",
                    "paperAccept": 0,
                    "defaultSeatCheckStatus": 0,
                    "typeColor": -1,
                    "wxSaleStatus": 0,
                    "isUncheckable": 0,
                    "ticketId": "8",
                    "price": "415.5",
                    "countColor": -1,
                    "studentPrice": "415.5",
                    "tagColor": -1,
                    "count": 0
                }, {
                    "type": "高级软卧",
                    "paperAccept": 0,
                    "defaultSeatCheckStatus": 0,
                    "typeColor": -1,
                    "wxSaleStatus": 0,
                    "isUncheckable": 0,
                    "ticketId": "10",
                    "price": "765.5",
                    "countColor": -1,
                    "studentPrice": "765.5",
                    "tagColor": -1,
                    "count": 0
                }, {
                    "type": "无座",
                    "paperAccept": 0,
                    "defaultSeatCheckStatus": 0,
                    "typeColor": -1,
                    "wxSaleStatus": 0,
                    "isUncheckable": 0,
                    "ticketId": "0",
                    "price": "148.5",
                    "countColor": -1,
                    "studentPrice": "75",
                    "tagColor": -1,
                    "count": 0
                }],
                "isSupportCard": false,
                "remainTicketColor": -39424,
                "aStation": "南京",
                "tagStyleType": 0,
                "noTicketSceneOptimise": false,
                "aCity": "南京",
                "aTimeStr": "201902110743",
                "remainTicketType": 0,
                "aTime": "07:43",
                "dayAfter": "+1",
                "tagColor": -1,
                "trainNumber": "T109",
                "arrStationCode": "NJH",
                "sortGroup": 0,
                "remainTicketBackgroundColor": 0
            }, {
                "endStationCode": "SHH",
                "remainTicketCount": 0,
                "dTimeStr": "201902102121",
                "sort": 8,
                "time": "9时24分",
                "isPreOrder": false,
                "extra": "{}",
                "trainShowDescColor": -14964294,
                "dStation": "北京",
                "date": "2019-02-10",
                "remainTicket": "0张",
                "priceMsg": "¥233",
                "dptStationCode": "BJP",
                "trainType": "动车组",
                "timeInMinute": 564,
                "dStationInfo": true,
                "trainStatus": 4,
                "dTime": "21:21",
                "startStationCode": "BJP",
                "isSupportCandidate": false,
                "dCity": "北京",
                "aStationInfo": false,
                "tagCode": -1,
                "trainShowDesc": "可抢票",
                "robSuccRate": "",
                "distance": "2068",
                "action": {
                    "menuBackColor": -16728876,
                    "menuColor": -1,
                    "clickable": false,
                    "touchUrl": "http://touch.qunar.com/h5/train/flagship/TrainOrderFillRob?startStation=%E5%8C%97%E4%BA%AC&endStation=%E5%8D%97%E4%BA%AC&trainNum=D705&date=2019-02-10&closeUrl=&source=mtrain_rob&bd_source=&seatType=%E4%BA%8C%E7%AD%89%E5%BA%A7",
                    "menu": "抢票",
                    "topDesc": "0张",
                    "topDescBackColor": 0,
                    "topDescColor": -52480,
                    "id": 2
                },
                "trainStatusDes": "已售空",
                "appointment": false,
                "ticketInfos": [{
                    "type": "二等座",
                    "paperAccept": 0,
                    "defaultSeatCheckStatus": 0,
                    "typeColor": -1,
                    "wxSaleStatus": 0,
                    "isUncheckable": 0,
                    "ticketId": "4",
                    "price": "233",
                    "countColor": -1,
                    "studentPrice": "175",
                    "tagColor": -1,
                    "count": 0
                }, {
                    "type": "二等卧",
                    "paperAccept": 0,
                    "defaultSeatCheckStatus": 0,
                    "typeColor": -1,
                    "wxSaleStatus": 0,
                    "isUncheckable": 0,
                    "ticketId": "38",
                    "price": "408",
                    "countColor": -1,
                    "studentPrice": "408",
                    "tagColor": -1,
                    "count": 0
                }, {
                    "type": "一等卧",
                    "paperAccept": 0,
                    "defaultSeatCheckStatus": 0,
                    "typeColor": -1,
                    "wxSaleStatus": 0,
                    "isUncheckable": 0,
                    "ticketId": "36",
                    "price": "501",
                    "countColor": -1,
                    "studentPrice": "501",
                    "tagColor": -1,
                    "count": 0
                }, {
                    "type": "无座",
                    "paperAccept": 0,
                    "defaultSeatCheckStatus": 0,
                    "typeColor": -1,
                    "wxSaleStatus": 0,
                    "isUncheckable": 0,
                    "ticketId": "0",
                    "price": "233",
                    "countColor": -1,
                    "studentPrice": "233",
                    "tagColor": -1,
                    "count": 0
                }],
                "isSupportCard": false,
                "remainTicketColor": -39424,
                "aStation": "南京",
                "tagStyleType": 0,
                "noTicketSceneOptimise": false,
                "aCity": "南京",
                "aTimeStr": "201902110645",
                "remainTicketType": 0,
                "aTime": "06:45",
                "dayAfter": "+1",
                "tagColor": -1,
                "trainNumber": "D705",
                "arrStationCode": "NJH",
                "sortGroup": 0,
                "remainTicketBackgroundColor": 0
            }, {
                "endStationCode": "NJH",
                "remainTicketCount": 0,
                "dTimeStr": "201902102244",
                "sort": 10,
                "time": "9时30分",
                "isPreOrder": false,
                "extra": "{}",
                "trainShowDescColor": -14964294,
                "dStation": "北京南",
                "date": "2019-02-10",
                "remainTicket": "0张",
                "priceMsg": "¥231",
                "dptStationCode": "VNP",
                "trainType": "动车组",
                "timeInMinute": 570,
                "dStationInfo": true,
                "trainStatus": 4,
                "dTime": "22:44",
                "startStationCode": "VNP",
                "isSupportCandidate": false,
                "dCity": "北京",
                "aStationInfo": true,
                "tagCode": -1,
                "trainShowDesc": "可抢票",
                "robSuccRate": "",
                "distance": "2090",
                "action": {
                    "menuBackColor": -16728876,
                    "menuColor": -1,
                    "clickable": false,
                    "touchUrl": "http://touch.qunar.com/h5/train/flagship/TrainOrderFillRob?startStation=%E5%8C%97%E4%BA%AC%E5%8D%97&endStation=%E5%8D%97%E4%BA%AC&trainNum=D715&date=2019-02-10&closeUrl=&source=mtrain_rob&bd_source=&seatType=%E4%BA%8C%E7%AD%89%E5%BA%A7",
                    "menu": "抢票",
                    "topDesc": "0张",
                    "topDescBackColor": 0,
                    "topDescColor": -52480,
                    "id": 2
                },
                "trainStatusDes": "已售空",
                "appointment": false,
                "ticketInfos": [{
                    "type": "二等座",
                    "paperAccept": 0,
                    "defaultSeatCheckStatus": 0,
                    "typeColor": -1,
                    "wxSaleStatus": 0,
                    "isUncheckable": 0,
                    "ticketId": "4",
                    "price": "231",
                    "countColor": -1,
                    "studentPrice": "174",
                    "tagColor": -1,
                    "count": 0
                }, {
                    "type": "二等卧",
                    "paperAccept": 0,
                    "defaultSeatCheckStatus": 0,
                    "typeColor": -1,
                    "wxSaleStatus": 0,
                    "isUncheckable": 0,
                    "ticketId": "38",
                    "price": "405",
                    "countColor": -1,
                    "studentPrice": "405",
                    "tagColor": -1,
                    "count": 0
                }, {
                    "type": "一等卧",
                    "paperAccept": 0,
                    "defaultSeatCheckStatus": 0,
                    "typeColor": -1,
                    "wxSaleStatus": 0,
                    "isUncheckable": 0,
                    "ticketId": "36",
                    "price": "536",
                    "countColor": -1,
                    "studentPrice": "536",
                    "tagColor": -1,
                    "count": 0
                }, {
                    "type": "无座",
                    "paperAccept": 0,
                    "defaultSeatCheckStatus": 0,
                    "typeColor": -1,
                    "wxSaleStatus": 0,
                    "isUncheckable": 0,
                    "ticketId": "0",
                    "price": "231",
                    "countColor": -1,
                    "studentPrice": "231",
                    "tagColor": -1,
                    "count": 0
                }],
                "isSupportCard": true,
                "remainTicketColor": -39424,
                "aStation": "南京",
                "tagStyleType": 0,
                "noTicketSceneOptimise": false,
                "aCity": "南京",
                "aTimeStr": "201902110814",
                "remainTicketType": 0,
                "aTime": "08:14",
                "dayAfter": "+1",
                "tagColor": -1,
                "trainNumber": "D715",
                "arrStationCode": "NJH",
                "sortGroup": 0,
                "remainTicketBackgroundColor": 0
            }, {
                "endStationCode": "RZH",
                "remainTicketCount": 0,
                "dTimeStr": "201902102320",
                "sort": 13,
                "time": "14时27分",
                "isPreOrder": false,
                "extra": "{}",
                "trainShowDescColor": -14964294,
                "dStation": "北京",
                "date": "2019-02-10",
                "remainTicket": "0张",
                "priceMsg": "¥148.5",
                "dptStationCode": "BJP",
                "trainType": "快速",
                "timeInMinute": 867,
                "dStationInfo": true,
                "trainStatus": 4,
                "dTime": "23:20",
                "startStationCode": "BJP",
                "isSupportCandidate": false,
                "dCity": "北京",
                "aStationInfo": false,
                "tagCode": -1,
                "trainShowDesc": "可抢票",
                "robSuccRate": "",
                "distance": "1734",
                "action": {
                    "menuBackColor": -16728876,
                    "menuColor": -1,
                    "clickable": false,
                    "touchUrl": "http://touch.qunar.com/h5/train/flagship/TrainOrderFillRob?startStation=%E5%8C%97%E4%BA%AC&endStation=%E5%8D%97%E4%BA%AC&trainNum=K101&date=2019-02-10&closeUrl=&source=mtrain_rob&bd_source=&seatType=%E7%A1%AC%E5%BA%A7",
                    "menu": "抢票",
                    "topDesc": "0张",
                    "topDescBackColor": 0,
                    "topDescColor": -52480,
                    "id": 2
                },
                "trainStatusDes": "已售空",
                "appointment": false,
                "ticketInfos": [{
                    "type": "硬座",
                    "paperAccept": 0,
                    "defaultSeatCheckStatus": 0,
                    "typeColor": -1,
                    "wxSaleStatus": 0,
                    "isUncheckable": 0,
                    "ticketId": "1",
                    "price": "148.5",
                    "countColor": -1,
                    "studentPrice": "75",
                    "tagColor": -1,
                    "count": 0
                }, {
                    "type": "硬卧",
                    "paperAccept": 0,
                    "defaultSeatCheckStatus": 0,
                    "typeColor": -1,
                    "wxSaleStatus": 0,
                    "isUncheckable": 0,
                    "ticketId": "5",
                    "price": "272.5",
                    "countColor": -1,
                    "studentPrice": "199",
                    "tagColor": -1,
                    "count": 0
                }, {
                    "type": "软卧",
                    "paperAccept": 0,
                    "defaultSeatCheckStatus": 0,
                    "typeColor": -1,
                    "wxSaleStatus": 0,
                    "isUncheckable": 0,
                    "ticketId": "8",
                    "price": "415.5",
                    "countColor": -1,
                    "studentPrice": "415.5",
                    "tagColor": -1,
                    "count": 0
                }, {
                    "type": "无座",
                    "paperAccept": 0,
                    "defaultSeatCheckStatus": 0,
                    "typeColor": -1,
                    "wxSaleStatus": 0,
                    "isUncheckable": 0,
                    "ticketId": "0",
                    "price": "148.5",
                    "countColor": -1,
                    "studentPrice": "75",
                    "tagColor": -1,
                    "count": 0
                }],
                "isSupportCard": false,
                "remainTicketColor": -39424,
                "aStation": "南京",
                "tagStyleType": 0,
                "noTicketSceneOptimise": false,
                "aCity": "南京",
                "aTimeStr": "201902111347",
                "remainTicketType": 0,
                "aTime": "13:47",
                "dayAfter": "+1",
                "tagColor": -1,
                "trainNumber": "K101",
                "arrStationCode": "NJH",
                "sortGroup": 0,
                "remainTicketBackgroundColor": 0
            }, {
                "endStationCode": "AOH",
                "remainTicketCount": 0,
                "dTimeStr": "201902101716",
                "sort": 3,
                "time": "4时27分",
                "isPreOrder": false,
                "extra": "{}",
                "trainShowDescColor": -1,
                "dStation": "北京南",
                "date": "2019-02-10",
                "remainTicket": "",
                "priceMsg": "¥443.5",
                "dptStationCode": "VNP",
                "trainType": "高速动车",
                "timeInMinute": 267,
                "dStationInfo": true,
                "trainStatus": 2,
                "dTime": "17:16",
                "startStationCode": "VNP",
                "isSupportCandidate": false,
                "dCity": "北京",
                "aStationInfo": false,
                "tagCode": -1,
                "robSuccRate": "",
                "distance": "1335",
                "trainStatusDes": "已停售",
                "appointment": false,
                "ticketInfos": [{
                    "type": "二等座",
                    "paperAccept": 0,
                    "defaultSeatCheckStatus": 0,
                    "typeColor": -1,
                    "wxSaleStatus": 0,
                    "isUncheckable": 0,
                    "ticketId": "4",
                    "price": "443.5",
                    "countColor": -1,
                    "studentPrice": "333",
                    "tagColor": -1,
                    "count": -1
                }, {
                    "type": "一等座",
                    "paperAccept": 0,
                    "defaultSeatCheckStatus": 0,
                    "typeColor": -1,
                    "wxSaleStatus": 0,
                    "isUncheckable": 0,
                    "ticketId": "3",
                    "price": "748.5",
                    "countColor": -1,
                    "studentPrice": "748.5",
                    "tagColor": -1,
                    "count": -1
                }, {
                    "type": "商务座",
                    "paperAccept": 0,
                    "defaultSeatCheckStatus": 0,
                    "typeColor": -1,
                    "wxSaleStatus": 0,
                    "isUncheckable": 0,
                    "ticketId": "13",
                    "price": "1403.5",
                    "countColor": -1,
                    "studentPrice": "1403.5",
                    "tagColor": -1,
                    "count": -1
                }, {
                    "type": "无座",
                    "paperAccept": 0,
                    "defaultSeatCheckStatus": 0,
                    "typeColor": -1,
                    "wxSaleStatus": 0,
                    "isUncheckable": 0,
                    "ticketId": "0",
                    "price": "443.5",
                    "countColor": -1,
                    "studentPrice": "443.5",
                    "tagColor": -1,
                    "count": -1
                }],
                "isSupportCard": true,
                "remainTicketColor": 0,
                "aStation": "南京南",
                "tagStyleType": 0,
                "noTicketSceneOptimise": false,
                "aCity": "南京",
                "aTimeStr": "201902102143",
                "remainTicketType": 0,
                "aTime": "21:43",
                "dayAfter": "",
                "tagColor": -1,
                "trainNumber": "G153",
                "arrStationCode": "NKH",
                "sortGroup": 0,
                "remainTicketBackgroundColor": 0
            }],
            "dptRealCity": "北京",
            "arrRealCity": "南京",
            "arr": "南京",
            "aCity": "南京",
            "trainTypeFilter": {
                "trainType": [{
                    "value": "0",
                    "name": "全部"
                }, {
                    "value": "5,1",
                    "name": "高铁/动车 (G/D)"
                }, {
                    "value": "3,2,4",
                    "name": "直达/特快/快速 (Z/T/K)"
                }]
            },
            "filter": {
                "station": [{
                    "value": "北京",
                    "name": "北京"
                }, {
                    "value": "南京",
                    "name": "南京"
                }, {
                    "value": "南京南",
                    "name": "南京南"
                }, {
                    "value": "北京南",
                    "name": "北京南"
                }],
                "arrStation": [{
                    "value": "南京南",
                    "name": "南京南"
                }, {
                    "value": "南京",
                    "name": "南京"
                }],
                "stationType": [{
                    "value": "1",
                    "name": "始发"
                }, {
                    "value": "2",
                    "name": "过路"
                }, {
                    "value": "3",
                    "name": "终到"
                }],
                "arriTimeRange": [{
                    "value": "1",
                    "name": "上午：6-12点"
                }, {
                    "value": "2",
                    "name": "中午：12-14点"
                }, {
                    "value": "4",
                    "name": "晚上：18-6点"
                }],
                "trainType": [{
                    "value": "5",
                    "name": "G-高速动车"
                }, {
                    "value": "1",
                    "name": "D-动车组"
                }, {
                    "value": "3",
                    "name": "Z-直达特快"
                }, {
                    "value": "2",
                    "name": "T-空调特快"
                }, {
                    "value": "4",
                    "name": "K-快速"
                }],
                "depStation": [{
                    "value": "北京南",
                    "name": "北京南"
                }, {
                    "value": "北京",
                    "name": "北京"
                }],
                "ticketType": [{
                    "value": "7",
                    "name": "高级软卧"
                }, {
                    "value": "10",
                    "name": "无座"
                }, {
                    "value": "1",
                    "name": "硬座"
                }, {
                    "value": "3",
                    "name": "一等座"
                }, {
                    "value": "5",
                    "name": "硬卧"
                }, {
                    "value": "6",
                    "name": "软卧"
                }, {
                    "value": "25",
                    "name": "一等卧"
                }, {
                    "value": "9",
                    "name": "商务座"
                }, {
                    "value": "4",
                    "name": "二等座"
                }, {
                    "value": "26",
                    "name": "二等卧"
                }],
                "deptTimeRange": [{
                    "value": "3",
                    "name": "下午：14-18点"
                }, {
                    "value": "4",
                    "name": "晚上：18-6点"
                }]
            },
            "sortRuleList": [{
                "value": "7",
                "selected": true,
                "name": "推荐排序"
            }, {
                "value": "3",
                "selected": false,
                "name": "出发   早→晚"
            }, {
                "value": "4",
                "selected": false,
                "name": "出发   晚→早"
            }, {
                "value": "0",
                "selected": false,
                "name": "运行   短→长"
            }, {
                "value": "1",
                "selected": false,
                "name": "票价   低→高"
            }, {
                "value": "2",
                "selected": false,
                "name": "票价   高→低"
            }],
            "dep": "北京",
            "wwwPreSalePeriod": 30,
            "count": 14,
            "dCity": "北京"
        },
        "flag": true,
        "recommendTrainJoint": 1,
        "searchInnerCat": "ssxcnxcn",
        "needQunarClientCrawl": false,
        "status": 0,
        "showBanner": true,
        "trainSearchType": 1,
        "ypSource": 0,
        "searchType": 1,
        "fit": false,
        "showNewTrafficSearchPage": false,
        "todayWeekday": "星期日",
        "showChangeStationEntrance": false,
        "webViews": [],
        "cacheUserEnteredNewSearchPage": true
    }
}